group,test,label,metric,value,ns,ns_min,ns_max,x,x_label,verify
alu,fma_f32_vec4,fp32 FMA vec4 x8 acc,GFLOPS,13086.4,14769040.00,14724400.00,15019440.00,1440,iters,ok
alu,fma_f32_vec2,fp32 FMA vec2 x8 acc,GFLOPS,13004.1,14702560.00,14683080.00,14849280.00,2849,iters,ok
alu,fma_f32_vec1,fp32 FMA scalar x8 acc,GFLOPS,11961.3,15002480.00,14989560.00,15015240.00,5348,iters,ok
alu,fma_f32_dep,fp32 FMA single dependency chain,GFLOPS,13024.3,14849760.00,14825160.00,15039200.00,1441,iters,ok
alu,mul_f32_vec4,fp32 MUL vec4 (no add),GFLOPS,12280.9,15661280.00,15364880.00,15830400.00,2866,iters,ok
alu,add_f32_vec4,fp32 ADD vec4,GFLOPS,26056.2,15030880.00,15021320.00,15548320.00,5836,iters,ok
alu,fma_f16_vec2,fp16 packed FMA x8 acc,GFLOPS,25950.3,14895680.00,14871880.00,15345080.00,5760,iters,
alu,fma_f64,fp64 FMA x8 acc,GFLOPS,817.619,14035400.00,13793720.00,14291640.00,342,iters,
alu,imad_i32_vec4,int32 IMAD (a*b+c) vec4,GOPS,3455.15,14644840.00,14387600.00,14951960.00,754,iters,ok
alu,dp4a_i8,int8 DP4A (4 MAC/instruction),GOPS,25830.7,15019200.00,14985400.00,15253200.00,5781,iters,ok
alu,sfu_sin,SFU sin,GOPS,1611.26,14910640.00,14696200.00,15106000.00,1432,iters,
alu,sfu_exp2,SFU exp2,GOPS,1659.13,15117520.00,14991160.00,19589360.00,1495,iters,
alu,sfu_log2,SFU log2,GOPS,1638.65,15050520.00,14973000.00,15647960.00,1470,iters,
alu,sfu_rsqrt,SFU inversesqrt,GOPS,1613.38,14984640.00,14794480.00,15692840.00,1441,iters,
alu,sfu_sqrt,SFU sqrt,GOPS,1630.46,14663040.00,14532520.00,15178240.00,1425,iters,
alu,bit_clz,bit findMSB,GOPS,1577.01,14798360.00,14600720.00,15222920.00,1391,iters,ok
alu,bit_popcount,bit popcount,GOPS,6476.19,15253440.00,14998640.00,15484800.00,5888,iters,ok
alu,bit_flsb,bit findLSB,GOPS,6441.69,14790800.00,14645040.00,15143400.00,5679,iters,ok
alu,bit_reverse,bit reverse,GOPS,6406.1,15223920.00,15015040.00,15269840.00,5813,iters,ok
alu,sg_add,subgroupAdd reduction per iter,GOPS,460.733,14977040.00,14964960.00,15513720.00,26323,iters,
alu,sg_shuffle,subgroupShuffle per iter,GOPS,3131.95,14354960.00,14342080.00,14368280.00,171505,iters,
alu,sg_ballot,subgroupBallot per iter,GOPS,1955.9,15289400.00,14883760.00,15655080.00,114077,iters,
alu,sg_barrier,shared round trip + 2 barriers per iter,GOPS,740.536,14963960.00,14952960.00,14992240.00,42272,iters,
alu,lds_read,shared memory (LDS) read bandwidth,GB/s,7981.54,14983080.00,14861880.00,15386800.00,7128,iters,
alu,atomic_same_addr,global atomicAdd (same address),GOPS,160.356,7441440.00,7358040.00,7610440.00,2276,iters,
alu,atomic_scatter,global atomicAdd (scattered),GOPS,259.849,14902480.00,13872680.00,15265520.00,7386,iters,
alu,fma_f32_occupancy,saturation scan: fixed kernel vs workgroup count,GFLOPS,298.801,14027900.00,14027900.00,14027900.00,1,workgroups,
alu,fma_f32_occupancy,saturation scan: fixed kernel vs workgroup count,GFLOPS,597.307,14406450.00,14406450.00,14406450.00,2,workgroups,
alu,fma_f32_occupancy,saturation scan: fixed kernel vs workgroup count,GFLOPS,1193.82,14436000.00,14436000.00,14436000.00,4,workgroups,
alu,fma_f32_occupancy,saturation scan: fixed kernel vs workgroup count,GFLOPS,2381.66,14299350.00,14299350.00,14299350.00,8,workgroups,
alu,fma_f32_occupancy,saturation scan: fixed kernel vs workgroup count,GFLOPS,4737.24,14356500.00,14356500.00,14356500.00,16,workgroups,
alu,fma_f32_occupancy,saturation scan: fixed kernel vs workgroup count,GFLOPS,9334.68,14357050.00,14357050.00,14357050.00,32,workgroups,
alu,fma_f32_occupancy,saturation scan: fixed kernel vs workgroup count,GFLOPS,9905.21,14675100.00,14675100.00,14675100.00,64,workgroups,
alu,fma_f32_occupancy,saturation scan: fixed kernel vs workgroup count,GFLOPS,10167.5,14928750.00,14928750.00,14928750.00,128,workgroups,
alu,fma_f32_occupancy,saturation scan: fixed kernel vs workgroup count,GFLOPS,11772.3,14976850.00,14976850.00,14976850.00,256,workgroups,
alu,fma_f32_occupancy,saturation scan: fixed kernel vs workgroup count,GFLOPS,12791.6,15001880.00,15001880.00,15001880.00,512,workgroups,
alu,fma_f32_occupancy,saturation scan: fixed kernel vs workgroup count,GFLOPS,12404.2,15524480.00,15524480.00,15524480.00,1024,workgroups,
alu,fma_f32_occupancy,saturation scan: fixed kernel vs workgroup count,GFLOPS,12909.1,15023920.00,15023920.00,15023920.00,2048,workgroups,
alu,fma_f32_occupancy,saturation scan: fixed kernel vs workgroup count,GFLOPS,13037.8,14896120.00,14896120.00,14896120.00,4096,workgroups,
matrix,cm_khr_16x16x16_f16f16f32,fp16 x fp16 -> fp32,TFLOPS,68.3312,2158680.00,2141720.00,2186360.00,4096,m*n*k,ok
matrix,cm_khr_16x16x16_f16f16f16,fp16 x fp16 -> fp16,TFLOPS,19.6895,5102320.00,5070040.00,5104080.00,4096,m*n*k,ok
matrix,coop_not_precompiled,16x16x16 A=u8 B=u8 C=i32,TFLOPS,0,0.00,0.00,0.00,0,,not benchmarked
matrix,coop_not_precompiled,16x16x16 A=u8 B=u8 C=i32,TFLOPS,0,0.00,0.00,0.00,0,,not benchmarked
matrix,coop_not_precompiled,16x16x16 A=u8 B=i8 C=i32,TFLOPS,0,0.00,0.00,0.00,0,,not benchmarked
matrix,coop_not_precompiled,16x16x16 A=u8 B=i8 C=i32,TFLOPS,0,0.00,0.00,0.00,0,,not benchmarked
matrix,coop_not_precompiled,16x16x16 A=i8 B=u8 C=i32,TFLOPS,0,0.00,0.00,0.00,0,,not benchmarked
matrix,coop_not_precompiled,16x16x16 A=i8 B=u8 C=i32,TFLOPS,0,0.00,0.00,0.00,0,,not benchmarked
matrix,coop_not_precompiled,16x16x16 A=i8 B=i8 C=i32,TFLOPS,0,0.00,0.00,0.00,0,,not benchmarked
matrix,coop_not_precompiled,16x16x16 A=i8 B=i8 C=i32,TFLOPS,0,0.00,0.00,0.00,0,,not benchmarked
cache,chase_latency,pointer chase, aggregate, 8 chains/thread,ns,51.2268,13428800.00,9927254.37,13540551.46,1024,footprint,
cache,chase_latency,pointer chase, aggregate, 8 chains/thread,ns,55.3657,13562550.00,9023095.68,14511370.37,2048,footprint,
cache,chase_latency,pointer chase, aggregate, 8 chains/thread,ns,80.2388,7253666.67,1273544.53,40421195.93,4096,footprint,
cache,chase_latency,pointer chase, aggregate, 8 chains/thread,ns,102.986,14185533.33,14077246.82,78291149.62,8192,footprint,
cache,chase_latency,pointer chase, aggregate, 8 chains/thread,ns,117.652,14456650.00,2780125.00,14679060.00,16384,footprint,
cache,chase_latency,pointer chase, aggregate, 8 chains/thread,ns,431.993,14765966.67,14207254.41,15604035.05,32768,footprint,
cache,chase_latency,pointer chase, aggregate, 8 chains/thread,ns,641.778,14886050.00,14434335.38,15276167.17,65536,footprint,
cache,chase_latency,pointer chase, aggregate, 8 chains/thread,ns,751.114,14942666.67,13824507.94,15023987.30,131072,footprint,
cache,chase_latency,pointer chase, aggregate, 8 chains/thread,ns,989.648,9283883.33,496668.66,13830311.80,262144,footprint,
cache,chase_latency,pointer chase, aggregate, 8 chains/thread,ns,1358.91,14967000.00,10343226.94,16435212.30,524288,footprint,
cache,chase_latency,pointer chase, aggregate, 8 chains/thread,ns,1686.31,14917100.00,13940263.98,15242712.01,1.04858e+06,footprint,
cache,chase_latency,pointer chase, aggregate, 8 chains/thread,ns,1900.43,15226283.33,6783571.75,15730325.82,2.09715e+06,footprint,
cache,chase_latency,pointer chase, aggregate, 8 chains/thread,ns,2074.75,15044033.33,15044033.33,15282827.51,4.1943e+06,footprint,
cache,chase_latency,pointer chase, aggregate, 8 chains/thread,ns,2134.86,14967533.33,14849678.74,15085387.93,8.38861e+06,footprint,
cache,chase_latency,pointer chase, aggregate, 8 chains/thread,ns,2547.49,15532050.00,2935190.55,15654349.61,1.67772e+07,footprint,
cache,chase_latency,pointer chase, aggregate, 8 chains/thread,ns,2802.23,15605600.00,15361762.50,15605600.00,3.35544e+07,footprint,
cache,chase_latency,pointer chase, aggregate, 8 chains/thread,ns,3166.44,16699800.00,14332899.21,16831294.49,6.71089e+07,footprint,
cache,chase_latency,pointer chase, aggregate, 8 chains/thread,ns,4348.82,14981700.00,12858309.45,15099666.14,1.34218e+08,footprint,
cache,chase_latency,pointer chase, aggregate, 8 chains/thread,ns,7931.02,14973766.67,14739801.56,14973766.67,2.68435e+08,footprint,
cache,chase_latency,pointer chase, aggregate, 8 chains/thread,ns,10063.1,14933633.33,14583626.30,15400309.38,5.36871e+08,footprint,
cache,chase_latency,pointer chase, aggregate, 8 chains/thread,ns,11189.7,14927083.33,14809547.24,15044619.42,1.07374e+09,footprint,
cache,chase_latency_1cu,pointer chase, single workgroup (per-CU L1),ns,45.1978,11848333.33,11757192.31,11939474.36,1024,footprint,FAIL: 64/64
cache,chase_latency_1cu,pointer chase, single workgroup (per-CU L1),ns,48.3744,12681050.00,12583503.46,12778596.54,2048,footprint,
cache,chase_latency_1cu,pointer chase, single workgroup (per-CU L1),ns,53.7308,14082950.00,2902592.75,14190453.44,4096,footprint,
cache,chase_latency_1cu,pointer chase, single workgroup (per-CU L1),ns,59.2886,13467116.67,2672862.85,34545827112.97,8192,footprint,
cache,chase_latency_1cu,pointer chase, single workgroup (per-CU L1),ns,63.1642,13749516.67,13541190.66,13749516.67,16384,footprint,
cache,chase_latency_1cu,pointer chase, single workgroup (per-CU L1),ns,122.216,15161566.67,14930092.37,16203201.02,32768,footprint,
cache,chase_latency_1cu,pointer chase, single workgroup (per-CU L1),ns,160.507,14783983.33,14559983.59,14895983.21,65536,footprint,
cache,chase_latency_1cu,pointer chase, single workgroup (per-CU L1),ns,181.347,14825316.67,14598975.95,14938487.02,131072,footprint,
cache,chase_latency_1cu,pointer chase, single workgroup (per-CU L1),ns,371.433,14455800.00,14345450.38,14566149.62,262144,footprint,
cache,chase_latency_1cu,pointer chase, single workgroup (per-CU L1),ns,388.235,14799916.67,14573963.74,15025869.59,524288,footprint,
cache,chase_latency_1cu,pointer chase, single workgroup (per-CU L1),ns,404.44,14213633.33,13890596.21,14644349.49,1.04858e+06,footprint,
cache,chase_latency_1cu,pointer chase, single workgroup (per-CU L1),ns,414.467,14588416.67,14254330.79,14811140.59,2.09715e+06,footprint,
cache,chase_latency_1cu,pointer chase, single workgroup (per-CU L1),ns,911.783,14783650.00,6271851.52,14895647.35,4.1943e+06,footprint,
cache,chase_latency_1cu,pointer chase, single workgroup (per-CU L1),ns,920.596,14905366.67,14789821.19,15020912.14,8.38861e+06,footprint,
cache,chase_latency_1cu,pointer chase, single workgroup (per-CU L1),ns,799.259,14739133.33,6793819.27,14854282.81,1.67772e+07,footprint,
cache,chase_latency_1cu,pointer chase, single workgroup (per-CU L1),ns,773.727,14664450.00,2886702.76,14779918.11,3.35544e+07,footprint,
cache,chase_latency_1cu,pointer chase, single workgroup (per-CU L1),ns,881.339,16671400.00,3150500.79,16933941.73,6.71089e+07,footprint,
cache,chase_latency_1cu,pointer chase, single workgroup (per-CU L1),ns,1746.8,15008483.33,14893033.46,15816632.44,1.34218e+08,footprint,
cache,chase_latency_1cu,pointer chase, single workgroup (per-CU L1),ns,1855.63,14999050.00,7441389.15,15929223.64,2.68435e+08,footprint,
cache,chase_latency_1cu,pointer chase, single workgroup (per-CU L1),ns,1905.28,14844050.00,14615680.00,14958235.00,5.36871e+08,footprint,
cache,chase_latency_1cu,pointer chase, single workgroup (per-CU L1),ns,2088.62,14795750.00,14569860.69,14795750.00,1.07374e+09,footprint,
cache,chase_latency_low,pointer chase, single workgroup, single chain,ns,36.3057,9517316.67,1743630.53,9517316.67,1024,footprint,FAIL: 63/64
cache,chase_latency_low,pointer chase, single workgroup, single chain,ns,37.8703,9927466.67,1861400.00,10082583.33,2048,footprint,
cache,chase_latency_low,pointer chase, single workgroup, single chain,ns,39.1215,10255466.67,10098894.66,10333752.67,4096,footprint,
cache,chase_latency_low,pointer chase, single workgroup, single chain,ns,40.4295,10598350.00,570680.38,10761401.54,8192,footprint,
cache,chase_latency_low,pointer chase, single workgroup, single chain,ns,41.4872,10875616.67,10708299.49,10959275.26,16384,footprint,
cache,chase_latency_low,pointer chase, single workgroup, single chain,ns,66.1668,14591166.67,2918233.33,14815646.15,32768,footprint,
cache,chase_latency_low,pointer chase, single workgroup, single chain,ns,72.9321,14114833.33,14006257.69,14331984.62,65536,footprint,
cache,chase_latency_low,pointer chase, single workgroup, single chain,ns,75.044,13753983.33,13648183.46,13965583.08,131072,footprint,
cache,chase_latency_low,pointer chase, single workgroup, single chain,ns,113.429,14090633.33,13875509.16,14090633.33,262144,footprint,
cache,chase_latency_low,pointer chase, single workgroup, single chain,ns,116.139,13966933.33,2900824.62,14611561.03,524288,footprint,
cache,chase_latency_low,pointer chase, single workgroup, single chain,ns,117.895,13445200.00,13238350.77,13858898.46,1.04858e+06,footprint,
cache,chase_latency_low,pointer chase, single workgroup, single chain,ns,124.229,14251966.67,13925585.75,79310562.60,2.09715e+06,footprint,
cache,chase_latency_low,pointer chase, single workgroup, single chain,ns,215.931,14992100.00,14761452.31,14992100.00,4.1943e+06,footprint,
cache,chase_latency_low,pointer chase, single workgroup, single chain,ns,218.957,14661350.00,14435790.77,14774129.62,8.38861e+06,footprint,
cache,chase_latency_low,pointer chase, single workgroup, single chain,ns,219.535,14868883.33,2745024.62,14983259.36,1.67772e+07,footprint,
cache,chase_latency_low,pointer chase, single workgroup, single chain,ns,219.271,14551916.67,14328041.03,14663854.49,3.35544e+07,footprint,
cache,chase_latency_low,pointer chase, single workgroup, single chain,ns,228.429,15279150.00,15044086.15,15279150.00,6.71089e+07,footprint,
cache,chase_latency_low,pointer chase, single workgroup, single chain,ns,381.175,15356416.67,15120164.10,15474542.95,1.34218e+08,footprint,
cache,chase_latency_low,pointer chase, single workgroup, single chain,ns,410.165,15297916.67,15064360.69,15414694.66,2.68435e+08,footprint,
cache,chase_latency_low,pointer chase, single workgroup, single chain,ns,425.148,15165883.33,14932562.05,15282543.97,5.36871e+08,footprint,
cache,chase_latency_low,pointer chase, single workgroup, single chain,ns,462.247,14999916.67,14883638.24,15116195.09,1.07374e+09,footprint,
cache,bw_stride,useful bandwidth vs stride,GB/s,926.945,15538400.00,15126120.00,15579840.00,4,stride,
cache,bw_stride,useful bandwidth vs stride,GB/s,939.137,14988320.00,14914840.00,15012160.00,8,stride,
cache,bw_stride,useful bandwidth vs stride,GB/s,938.972,14990960.00,14956440.00,15023720.00,16,stride,
cache,bw_stride,useful bandwidth vs stride,GB/s,302.911,15480560.00,15224160.00,15590080.00,32,stride,
cache,bw_stride,useful bandwidth vs stride,GB/s,151.572,15551680.00,15468680.00,15881440.00,64,stride,
cache,bw_stride,useful bandwidth vs stride,GB/s,40.7873,16453360.00,14649320.00,16549320.00,128,stride,
cache,bw_stride,useful bandwidth vs stride,GB/s,39.4528,14883680.00,14865440.00,14938880.00,256,stride,
cache,bw_stride,useful bandwidth vs stride,GB/s,20.0377,15071120.00,14708360.00,15289960.00,512,stride,
cache,bw_stride,useful bandwidth vs stride,GB/s,10.3214,14934120.00,14817200.00,15073520.00,1024,stride,
memory,bw_read_footprint,streaming read (vec4 reduce),GB/s,547.149,14615866.67,6290971.74,35144300.76,64000,footprint,FAIL: 归约和与 CPU 不符
memory,bw_read_footprint,streaming read (vec4 reduce),GB/s,1088.06,14293016.67,3742887.98,16394287.11,128000,footprint,
memory,bw_read_footprint,streaming read (vec4 reduce),GB/s,1564.86,14550083.33,9076574.31,26009012.29,256000,footprint,
memory,bw_read_footprint,streaming read (vec4 reduce),GB/s,2434.42,14682650.00,13244238.82,19486400.55,512000,footprint,
memory,bw_read_footprint,streaming read (vec4 reduce),GB/s,2188.57,16560583.33,554236.39,11374948143.35,1e+06,footprint,
memory,bw_read_footprint,streaming read (vec4 reduce),GB/s,2196.96,14972533.33,12039981.98,15261658.12,2e+06,footprint,
memory,bw_read_footprint,streaming read (vec4 reduce),GB/s,1465.48,15020366.67,14317285.67,15531698.30,4e+06,footprint,
memory,bw_read_footprint,streaming read (vec4 reduce),GB/s,1583.75,16128840.00,14926600.00,16325680.00,8e+06,footprint,
memory,bw_read_footprint,streaming read (vec4 reduce),GB/s,1949.96,15114120.00,14837760.00,16362680.00,1.6e+07,footprint,
memory,bw_read_footprint,streaming read (vec4 reduce),GB/s,1296.42,15180250.00,15060720.47,15299779.53,3.2e+07,footprint,
memory,bw_read_footprint,streaming read (vec4 reduce),GB/s,1302.6,15882066.67,15757011.02,16007122.31,4.8e+07,footprint,
memory,bw_read_footprint,streaming read (vec4 reduce),GB/s,1223.81,15374933.33,15017376.74,16209232.04,6.4e+07,footprint,
memory,bw_read_footprint,streaming read (vec4 reduce),GB/s,1070.85,15329816.67,15209109.45,16416181.63,9.6e+07,footprint,
memory,bw_read_footprint,streaming read (vec4 reduce),GB/s,505.928,14421033.33,14083040.36,14533697.66,1.28e+08,footprint,
memory,bw_read_footprint,streaming read (vec4 reduce),GB/s,391.917,14697000.00,2449500.00,14930285.71,1.92e+08,footprint,
memory,bw_read_footprint,streaming read (vec4 reduce),GB/s,379.598,14836750.00,14720837.89,14952662.11,2.56e+08,footprint,
memory,bw_read_footprint,streaming read (vec4 reduce),GB/s,376.389,14283100.00,14170634.65,14395565.35,3.84e+08,footprint,
memory,bw_read_footprint,streaming read (vec4 reduce),GB/s,376.252,13607883.33,13395260.16,14033129.69,5.12e+08,footprint,
memory,bw_read_footprint,streaming read (vec4 reduce),GB/s,377.226,14251416.67,14030464.47,14693321.06,7.68e+08,footprint,
memory,bw_read_footprint,streaming read (vec4 reduce),GB/s,376.569,13277766.67,12966569.01,13900161.98,1e+09,footprint,
memory,bw_read_footprint,streaming read (vec4 reduce),GB/s,368.324,12217516.67,2327146.03,29731035914.98,1.5e+09,footprint,
memory,bw_write_footprint,streaming write (vec4 store),GB/s,1058.89,14977416.67,7373497.44,16590369.23,64000,footprint,
memory,bw_write_footprint,streaming write (vec4 store),GB/s,1020.44,14833983.33,798752.95,62231298664.93,128000,footprint,
memory,bw_write_footprint,streaming write (vec4 store),GB/s,1082.72,15051850.00,7144175.18,16742456.34,256000,footprint,
memory,bw_write_footprint,streaming write (vec4 store),GB/s,1087.48,14858333.33,14303917.91,34262873.13,512000,footprint,
memory,bw_write_footprint,streaming write (vec4 store),GB/s,1294.64,14888300.00,13370085.20,15035224.01,1e+06,footprint,
memory,bw_write_footprint,streaming write (vec4 store),GB/s,1020.55,14752766.67,7291597.32,14978862.71,2e+06,footprint,
memory,bw_write_footprint,streaming write (vec4 store),GB/s,1122.24,14962880.00,14918120.00,15616080.00,4e+06,footprint,
memory,bw_write_footprint,streaming write (vec4 store),GB/s,984.457,14887400.00,14812880.00,15120960.00,8e+06,footprint,
memory,bw_write_footprint,streaming write (vec4 store),GB/s,1174.25,14661240.00,14366040.00,14832320.00,1.6e+07,footprint,
memory,bw_write_footprint,streaming write (vec4 store),GB/s,912.046,16139533.33,15885367.45,16139533.33,3.2e+07,footprint,
memory,bw_write_footprint,streaming write (vec4 store),GB/s,911.137,15541016.67,15296276.25,15541016.67,4.8e+07,footprint,
memory,bw_write_footprint,streaming write (vec4 store),GB/s,931.434,14841633.33,3739624.15,14841633.33,6.4e+07,footprint,
memory,bw_write_footprint,streaming write (vec4 store),GB/s,931.914,14318916.67,14206169.29,14544411.42,9.6e+07,footprint,
memory,bw_write_footprint,streaming write (vec4 store),GB/s,381.535,15432416.67,15309937.17,16044814.15,1.28e+08,footprint,
memory,bw_write_footprint,streaming write (vec4 store),GB/s,341.881,14601566.67,14373417.19,14715641.41,1.92e+08,footprint,
memory,bw_write_footprint,streaming write (vec4 store),GB/s,331.148,14688316.67,14457004.59,14803972.70,2.56e+08,footprint,
memory,bw_write_footprint,streaming write (vec4 store),GB/s,340.963,14640900.00,14183371.87,14640900.00,3.84e+08,footprint,
memory,bw_write_footprint,streaming write (vec4 store),GB/s,333.345,13823516.67,13714670.08,13932363.25,5.12e+08,footprint,
memory,bw_write_footprint,streaming write (vec4 store),GB/s,335.247,13745100.00,13530332.81,14282017.97,7.68e+08,footprint,
memory,bw_write_footprint,streaming write (vec4 store),GB/s,282.138,14177466.67,2455939.11,15405436.22,1e+09,footprint,
memory,bw_write_footprint,streaming write (vec4 store),GB/s,302.528,14874640.00,14772480.00,14988200.00,1.5e+09,footprint,
memory,bw_copy_footprint,copy (read+write),GB/s,944.378,14065550.00,6871719.08,14172920.61,64000,footprint,
memory,bw_copy_footprint,copy (read+write),GB/s,1853.72,13857966.67,12850986.39,14337481.08,128000,footprint,
memory,bw_copy_footprint,copy (read+write),GB/s,2029.09,15351133.33,15100297.82,34464799.35,256000,footprint,
memory,bw_copy_footprint,copy (read+write),GB/s,1859.9,15079183.33,9753517.77,15160802.73,512000,footprint,
memory,bw_copy_footprint,copy (read+write),GB/s,1802.77,16305500.00,640939.47,15277048533.78,1e+06,footprint,
memory,bw_copy_footprint,copy (read+write),GB/s,1763.48,14858083.33,7887624.49,16142115.23,2e+06,footprint,
memory,bw_copy_footprint,copy (read+write),GB/s,1503.65,13899520.00,13017520.00,15011120.00,4e+06,footprint,
memory,bw_copy_footprint,copy (read+write),GB/s,1168.46,14870840.00,14830160.00,14890240.00,8e+06,footprint,
memory,bw_copy_footprint,copy (read+write),GB/s,1096.97,15081520.00,14924800.00,15153680.00,1.6e+07,footprint,
memory,bw_copy_footprint,copy (read+write),GB/s,1038.73,15095383.33,14859517.97,15213316.02,3.2e+07,footprint,
memory,bw_copy_footprint,copy (read+write),GB/s,1041.17,15029300.00,14792618.11,15147640.94,4.8e+07,footprint,
memory,bw_copy_footprint,copy (read+write),GB/s,1042.4,14919400.00,13862119.69,15036875.59,6.4e+07,footprint,
memory,bw_copy_footprint,copy (read+write),GB/s,560.573,14899033.33,14666235.94,15481026.82,9.6e+07,footprint,
memory,bw_copy_footprint,copy (read+write),GB/s,319.313,14831833.33,14598261.15,26977586.61,1.28e+08,footprint,
memory,bw_copy_footprint,copy (read+write),GB/s,305.207,14468866.67,14242790.63,14468866.67,1.92e+08,footprint,
memory,bw_copy_footprint,copy (read+write),GB/s,306.503,14198900.00,5813722.83,14198900.00,2.56e+08,footprint,
memory,bw_copy_footprint,copy (read+write),GB/s,305.061,13846416.67,13737389.76,13846416.67,3.84e+08,footprint,
memory,dma_copy,vkCmdCopyBuffer through the transfer engine,GB/s,320.865,2509800.00,0.00,0.00,4.02653e+08,footprint,
memory,dispatch_overhead,empty kernel dispatch time,ns,34266.7,34266.67,33352.89,41120.00,0,,
